<?xml version="1.0" encoding="UTF-8"?>
<project-private xmlns="http://www.netbeans.org/ns/project-private/1">
    <editor-bookmarks xmlns="http://www.netbeans.org/ns/editor-bookmarks/2" lastBookmarkId="0"/>
    <open-files xmlns="http://www.netbeans.org/ns/projectui-open-files/2">
        <group>
            <file>file:/E:/Kuliah/Tugas/Kuliah/Semester%204/Pemrograman%20Web/Project/PWEB/PWEB_UAS/frmAdminHome.php</file>
            <file>file:/E:/Kuliah/Tugas/Kuliah/Semester%204/Pemrograman%20Web/Project/PWEB/PWEB_UAS/process.php</file>
            <file>file:/E:/Kuliah/Tugas/Kuliah/Semester%204/Pemrograman%20Web/Project/PWEB/PWEB_UAS/frmMasterPeriode.php</file>
        </group>
    </open-files>
</project-private>
